0,1,2,3,4,5,6,7,8,9,10,11,12,13,14,15,16,17,18,19,20,21,22,23,24
amazon,announced,appeared,artificial,company,election,intelligence,introduces,owned,partially,post,precaution,prompt,readwrite,safety,shield,,,,,,,,,
centred,district,election,policy,santos,special,spotlight,york,,,,,,,,,,,,,,,,,
adobe,agreement,amazon,business,coalition,company,country,critical,deepfakes,election,friday,google,help,joining,meta,openai,pact,place,signed,taking,tech,,,,
backed,candidate,imran,independent,jailed,khan,party,seat,,,,,,,,,,,,,,,,,
accused,criminal,flagged,meta,overlooking,propaganda,prosecutor,,,,,,,,,,,,,,,,,,
account,biden,campaign,comment,rocky,start,stressing,tiktok,,,,,,,,,,,,,,,,,
contest,election,personality,presidential,,,,,,,,,,,,,,,,,,,,,
appeared,chinese,fake,instagram,posed,posing,post,readwrite,removed,,,,,,,,,,,,,,,,
added,capacity,energy,grid,half,incentive,inflation,large,reduction,solar,thanks,,,,,,,,,,,,,,
artificial,distinguish,election,eligible,exclude,ineligible,intelligence,pro,remove,unknowingly,using,,,,,,,,,,,,,,
campaign,chair,closer,committee,lara,republican,shift,successful,,,,,,,,,,,,,,,,,
best,democracy,election,grave,kremlin,lie,main,putin,rival,russian,say,sham,,,,,,,,,,,,,
aaron,berman,community,content,election,extension,function,intelligence,jacqueline,lopour,misinformation,nameredacted,safety,trust,,,,,,,,,,,
civil,crucial,democracy,facing,fought,hard,idea,largest,test,world,,,,,,,,,,,,,,,
election,expected,following,headscarf,iran,law,protest,turnout,voter,,,,,,,,,,,,,,,,
approach,climate,decade,embrace,established,europe,funding,heavily,invest,investor,known,leader,risk,stand,supporting,tech,trailing,willingness,world,,,,,,
biden,democrat,likely,pick,presidential,primary,stuck,using,,,,,,,,,,,,,,,,,
election,ending,friendship,monmouth,poll,reported,similar,university,voter,,,,,,,,,,,,,,,,
actor,appeared,artificial,deepfake,deepfakes,generated,influence,influenced,intelligence,mobilized,post,readwrite,upcoming,video,,,,,,,,,,,
blanketed,congressman,district,george,projected,santos,seat,snow,suozzi,,,,,,,,,,,,,,,,
alleging,authority,broke,demolished,illegal,mosque,state,uttarakhand,violence,,,,,,,,,,,,,,,,
biden,experienced,predictable,preferred,putin,said,think,trump,,,,,,,,,,,,,,,,,
according,address,announce,biden,build,deliver,gaza,having,military,port,report,state,union,,,,,,,,,,,,
alarm,appeared,artificial,deepfake,deepfakes,democracy,executive,fear,intelligence,intensify,misinformation,posed,post,powered,readwrite,senior,sound,threat,warned,,,,,,
comment,,,,,,,,,,,,,,,,,,,,,,,,
appeared,election,employed,fir,garnered,genius,instance,international,jail,notice,notoriously,oppressive,post,previously,season,speech,technology,victory,,,,,,,
anti,election,government,iranian,protest,speaks,voting,,,,,,,,,,,,,,,,,,
advance,anxiety,capability,clip,company,elicits,evident,footage,generated,industry,openai,original,realistic,release,reliant,secretive,sora,strikingly,unsettling,video,viral,went,,,
ballot,case,court,following,illinois,maine,remove,rule,soon,state,supreme,trump,,,,,,,,,,,,,
aggressive,bemoaning,country,lack,majority,oversight,party,people,said,senate,,,,,,,,,,,,,,,
appointed,artificial,company,department,enforcement,face,faster,federal,focused,growing,intelligence,justice,officer,push,recognition,responding,tech,threat,,,,,,,
american,arab,area,biden,ceasefire,detroit,lose,message,muslim,november,plan,primary,send,tuesday,uncommitted,vote,voter,want,young,,,,,,
australian,body,dead,dozen,escalation,escaped,expected,guinea,major,massacred,medium,papua,police,reported,tribal,violence,wounded,,,,,,,,
advertising,center,checker,fact,label,launching,medium,meta,misinformation,operation,parliament,political,prepare,specific,tackle,,,,,,,,,,
appeared,company,longer,post,promoting,prompt,readwrite,released,report,social,stop,,,,,,,,,,,,,,
affect,appeared,banning,considering,considers,david,generator,photography,plan,political,post,presidential,prompt,say,,,,,,,,,,,
accurate,election,future,intention,poll,predict,reveal,taken,voter,,,,,,,,,,,,,,,,
audio,clip,despite,effort,election,harass,image,influence,manipulated,money,people,rein,scam,used,video,,,,,,,,,,
action,appeared,british,broader,governing,government,introduced,island,isle,legislation,official,policy,post,pushing,readwrite,required,say,self,,,,,,,
election,foreign,interference,le,mark,prepared,said,warner,worried,,,,,,,,,,,,,,,,
advert,data,different,easier,election,generative,large,making,manipulate,medium,personal,personality,political,rewrite,scale,social,target,type,user,using,,,,,
artificial,basic,chatbots,including,information,intelligence,million,powered,process,turning,voting,work,,,,,,,,,,,,,
democratic,expects,frontrunners,partner,republican,victory,,,,,,,,,,,,,,,,,,,
assassination,convention,democratic,following,national,nominee,presidential,selected,time,,,,,,,,,,,,,,,,
activating,circumvent,energy,floor,giant,managed,mechanism,price,recently,russia,sanction,western,,,,,,,,,,,,,
biden,effectively,house,likely,serve,siena,somewhat,strongly,survey,time,voter,white,,,,,,,,,,,,,
ariel,election,governance,henry,inclusive,lead,official,stem,structure,urge,violence,,,,,,,,,,,,,,
change,charter,concern,dictator,drawn,father,foreign,foster,harking,investment,marcos,philippine,plan,president,,,,,,,,,,,
disengage,people,reasonable,zealot,,,,,,,,,,,,,,,,,,,,,
cabinet,calling,cease,detainee,exchange,facilitate,harris,hostage,israel,israeli,meet,monday,official,palestinian,prisoner,,,,,,,,,,
carlson,clay,higgins,impressive,interview,putin,resolute,said,spirit,studied,,,,,,,,,,,,,,,
accepted,according,alexander,bidens,bribe,burisma,charged,claim,court,document,holding,intelligence,lying,russian,said,smirnov,,,,,,,,,
battle,control,election,house,island,long,precursor,representative,seen,special,,,,,,,,,,,,,,,
current,poll,president,super,swept,tuesday,vote,vulnerability,,,,,,,,,,,,,,,,,
attracting,capable,concern,converting,deepfakes,election,global,latest,model,praise,raising,researcher,risk,text,,,,,,,,,,,
amer,beijing,botnet,broadband,credential,data,disrupted,expedition,gateway,government,harvesting,hiding,intelligence,military,moscow,phishing,russia,said,spying,theft,today,unit,using,,
authority,called,country,election,including,investigate,irregularity,pakistan,reported,,,,,,,,,,,,,,,,
accord,critic,deceived,firm,lack,pledging,signed,stop,teeth,voter,,,,,,,,,,,,,,,
africa,destabilise,group,intelligence,mercenary,russia,service,taken,using,,,,,,,,,,,,,,,,
country,indication,level,lowest,percent,preliminary,revolution,turnout,voter,,,,,,,,,,,,,,,,
absent,betrays,frailty,lack,like,look,michael,mindedness,polish,serazio,sharp,tiktok,valued,vulnerability,writes,,,,,,,,,,
artificial,commerce,conference,election,gina,intelligence,nefariously,press,raimondo,said,secretary,used,washington,worried,,,,,,,,,,,
court,extends,latest,losing,loss,remarkable,streak,trump,,,,,,,,,,,,,,,,,
country,despite,doe,election,intended,meddling,medium,military,pakistan,powerful,,,,,,,,,,,,,,,
follower,instagram,make,million,plan,post,singer,today,urge,vote,,,,,,,,,,,,,,,
biden,chance,choose,democrat,israel,major,november,primary,support,tlaib,uncommitted,urged,warning,,,,,,,,,,,,
approve,attracting,biden,election,independent,notice,option,party,poll,trump,voter,year,,,,,,,,,,,,,
beijing,best,china,chinese,dissatisfaction,election,highlight,people,political,say,taiwan,,,,,,,,,,,,,,
challenger,civil,donald,election,november,post,presidential,seeking,trump,,,,,,,,,,,,,,,,
battleground,carolina,contest,decided,election,group,haley,margin,michigan,nevada,nominating,north,potentially,race,recent,republican,significant,small,state,tiny,voted,voter,,,
ahead,capital,critical,election,enemy,fatigue,remains,russia,set,western,,,,,,,,,,,,,,,
country,democracy,digital,disinformation,election,exploitation,face,global,increasing,integrity,liberal,list,near,rampant,spread,threat,threaten,unprecedented,unprepared,woefully,,,,,
brace,election,heard,hope,india,little,smallest,totos,tribe,world,,,,,,,,,,,,,,,
boycott,debating,east,election,expected,jerusalem,municipal,palestinian,voting,,,,,,,,,,,,,,,,
development,evolving,rapidly,roundup,speed,week,world,,,,,,,,,,,,,,,,,,
based,democratic,sudan,transformation,unique,,,,,,,,,,,,,,,,,,,,
concern,country,election,general,help,khan,message,play,rigged,role,sought,special,thursday,voice,washington,,,,,,,,,,
alleged,chattha,involved,justice,liaqat,poll,rawalpindi,rigging,,,,,,,,,,,,,,,,,
activist,base,carolina,governor,grassroots,ignored,largely,south,state,,,,,,,,,,,,,,,,
access,company,entire,facebook,global,headset,hour,instagram,lasted,messenger,meta,network,quest,seemingly,thread,took,unable,yesterday,,,,,,,
complex,democracy,election,highly,largest,people,poll,single,world,,,,,,,,,,,,,,,,
bitter,bolsonaro,jair,lost,persecution,political,rally,rival,tell,victim,,,,,,,,,,,,,,,
appeared,casino,detailed,explain,gamble,join,platform,post,readwrite,sportsbook,type,,,,,,,,,,,,,,
ahead,election,event,geographically,hate,india,national,report,speech,track,,,,,,,,,,,,,,,
abstention,anti,compulsory,democracy,enforceable,institution,introducing,majoritarian,meaningful,penalty,polarization,political,potential,protect,reduce,state,threat,united,voting,,,,,,
biden,continued,delivers,face,haley,nikki,powerful,protest,rebuke,trump,vermont,victory,,,,,,,,,,,,,
amid,come,congress,fight,funding,major,military,shake,ukraine,,,,,,,,,,,,,,,,
actor,confusing,create,deepfakes,election,expert,malicious,misleading,voter,worry,year,,,,,,,,,,,,,,
archipelago,biggest,election,million,people,registered,vote,world,,,,,,,,,,,,,,,,,
cabinet,member,trip,wondering,,,,,,,,,,,,,,,,,,,,,
border,critical,district,dominated,election,expelled,george,politics,replace,santos,special,swing,york,,,,,,,,,,,,
estimate,people,persuaded,political,scientist,specific,targeted,thousand,,,,,,,,,,,,,,,,,
alejandro,centre,charge,election,mayorkas,migration,november,push,republican,,,,,,,,,,,,,,,,
crack,frustration,gaza,government,growing,hint,israeli,opposition,politician,visit,washington,,,,,,,,,,,,,,
abdullah,dearborn,following,hammoud,hill,inflammatory,journal,lamont,marc,mayor,piece,street,talk,wall,,,,,,,,,,,
agency,biden,democratic,describing,elect,lawmaker,little,protect,said,simply,strategy,,,,,,,,,,,,,,
alarm,draw,heading,impact,likely,major,november,outage,poll,post,scenario,working,,,,,,,,,,,,,
biden,committed,continues,exit,president,race,reelection,speculation,swirl,unlikely,,,,,,,,,,,,,,,
defense,drudge,election,feed,flood,flow,headline,influence,link,main,migrant,moscow,nato,need,patron,related,report,russia,support,warns,weaponize,west,,,
betting,broader,contest,continue,democracy,european,force,global,hinge,june,major,november,parliament,presidential,putin,support,ukraine,vladimir,wane,western,year,,,,
campaign,chair,closer,committee,lara,republican,shift,successful,,,,,,,,,,,,,,,,,
affect,court,didn,election,gang,georgia,leak,lockbit,materialize,notorious,promised,story,upcoming,,,,,,,,,,,,
announce,appearance,branded,close,donald,effort,fine,look,philadelphia,president,print,saturday,sell,website,,,,,,,,,,,
ahead,american,election,justin,look,marianna,spring,unprecedented,webb,year,,,,,,,,,,,,,,,
address,biden,deliver,donald,election,face,likely,november,president,time,trump,,,,,,,,,,,,,,
anytime,attention,biden,camp,republican,thirsty,trump,,,,,,,,,,,,,,,,,,
chatbots,expert,extremist,generative,increased,lead,platform,proliferation,radicalization,warn,,,,,,,,,,,,,,,
authoritarian,broadcaster,communist,convention,delivered,democrat,donald,evil,greatest,hit,hungary,minister,nashville,national,night,prime,religious,speech,state,thursday,touched,trump,,,
gaining,initial,president,result,showed,state,vote,,,,,,,,,,,,,,,,,,
accruing,challenge,legal,nearly,penalty,play,,,,,,,,,,,,,,,,,,,
allegedly,court,election,fighting,lower,overturn,plotting,ruling,tried,,,,,,,,,,,,,,,,
clean,denied,dominating,donald,remains,sweep,trump,vermont,,,,,,,,,,,,,,,,,
biden,choosing,democrat,likely,looking,president,rematch,republican,stand,trump,want,,,,,,,,,,,,,,
coloured,convention,gold,philadelphia,president,promoted,shoe,sneaker,,,,,,,,,,,,,,,,,
child,clinic,court,embryo,frozen,paused,right,ruled,treatment,,,,,,,,,,,,,,,,
baseless,boost,conspiracy,country,denier,despite,election,fraud,overwhelming,room,trump,tuesday,victory,voting,,,,,,,,,,,
campaigning,frontrunner,juggle,president,republican,trial,untelevised,week,,,,,,,,,,,,,,,,,
donald,furiously,launched,medium,middle,outage,platform,president,right,site,suffered,thursday,timing,torture,trump,tweeting,unfortunate,widespread,,,,,,,
avoided,bos,changed,haley,mentioning,month,nikki,,,,,,,,,,,,,,,,,,
ally,defence,failing,hopeful,meet,presidential,protect,spending,suggests,target,,,,,,,,,,,,,,,
allowed,catastrophe,president,putin,russia,say,ukraine,unleash,vladimir,,,,,,,,,,,,,,,,
democratic,effective,focused,formidable,lawmaker,president,said,sharp,,,,,,,,,,,,,,,,,
biden,disloyal,endorsed,modernization,money,music,said,say,signed,swift,taylor,,,,,,,,,,,,,,
backer,likely,losing,poll,voter,,,,,,,,,,,,,,,,,,,,
biden,donald,gain,large,latest,lead,likely,losing,momentum,national,poll,president,trump,voter,,,,,,,,,,,
come,commanding,consolidate,control,hampshire,helping,iowa,nevada,party,trump,victory,win,,,,,,,,,,,,,
announcement,away,campaign,come,contest,didn,donald,manage,nikki,president,primary,runner,surprise,suspending,sway,trailed,trump,voter,,,,,,,
biden,fitness,gaffe,presidency,prompted,question,trump,word,,,,,,,,,,,,,,,,,
country,donald,encourage,hell,nato,paying,russia,said,trump,want,,,,,,,,,,,,,,,
audience,boo,cheer,philadelphia,ringing,saturday,sneaker,trump,,,,,,,,,,,,,,,,,
attorney,building,general,james,letitia,look,referencing,said,street,trump,wall,york,,,,,,,,,,,,,
donald,fraud,james,reporter,scale,scope,staggering,told,trump,,,,,,,,,,,,,,,,
appeared,congressional,continue,donald,following,gone,legislation,mount,post,president,pressure,reading,recent,record,support,,,,,,,,,,
donald,judgment,million,plus,pony,president,trump,,,,,,,,,,,,,,,,,,
cuban,donald,said,salesperson,snake,trump,want,,,,,,,,,,,,,,,,,,
choose,continue,defense,donald,forced,legal,option,trump,undesirable,,,,,,,,,,,,,,,,
ambani,attended,event,flashy,gold,ivanka,sari,trump,wedding,,,,,,,,,,,,,,,,
democracy,disaster,funny,mary,potential,rhetoric,said,trump,,,,,,,,,,,,,,,,,
advisor,donald,house,interested,possible,return,say,trump,white,,,,,,,,,,,,,,,,
control,engoron,highlight,judge,order,organization,penalty,strip,verdict,year,,,,,,,,,,,,,,,
capital,economics,forecast,inclined,lower,said,slightly,trump,,,,,,,,,,,,,,,,,
attempt,begin,case,charge,dismiss,donald,hush,judge,jury,march,money,originally,president,rejected,scheduled,trial,trump,,,,,,,,
civil,claimed,engoron,fraud,ivanka,judge,memory,remembering,ruling,shot,testified,time,took,tough,trial,trump,,,,,,,,,
claimed,fraud,ivanka,remembering,stand,time,took,tough,trial,trump,witness,,,,,,,,,,,,,,
donald,feuded,onetime,primary,prot,say,shortlist,trump,,,,,,,,,,,,,,,,,
biden,experienced,predictable,preferred,putin,said,think,trump,,,,,,,,,,,,,,,,,
distance,friday,headache,major,moved,political,trump,,,,,,,,,,,,,,,,,,
attend,celebration,expected,guest,iger,include,ivanka,lavish,pichai,report,sundar,trump,,,,,,,,,,,,,
andy,apprentice,contestant,filed,lawsuit,litinsky,moss,trump,,,,,,,,,,,,,,,,,
biden,commanding,nomination,party,position,respective,seek,trump,,,,,,,,,,,,,,,,,
cuba,donald,haley,house,just,lost,olivia,overwhelmingly,perez,reject,republican,said,seat,spokesperson,trump,voter,winnable,,,,,,,,
comparatively,donald,felt,president,republican,respondent,satisfied,trump,year,,,,,,,,,,,,,,,,
appeal,cobb,court,ditch,house,lawyer,said,supreme,weak,white,,,,,,,,,,,,,,,
antic,attorney,criminal,donald,time,told,tone,trial,trump,york,,,,,,,,,,,,,,,
case,court,delay,election,interference,involvement,matter,possible,supreme,trial,trump,,,,,,,,,,,,,,
democrat,haley,invited,join,left,maga,movement,radical,said,trump,voter,,,,,,,,,,,,,,
cope,donald,hostility,military,nato,president,reduction,russian,stirring,struggling,trump,ukraine,,,,,,,,,,,,,
biden,delivered,donald,hear,needed,really,said,scathing,stewart,trump,,,,,,,,,,,,,,,
case,civil,decided,dollar,donald,legal,million,owes,penalty,question,raising,recently,totaling,trump,york,,,,,,,,,,
annum,backdated,bringing,counting,early,million,owed,penalty,total,trump,,,,,,,,,,,,,,,
argument,came,case,court,decision,election,heard,high,justice,middle,oral,politically,presidential,sensitive,week,,,,,,,,,,
communicator,daughter,dedicated,donald,extremely,lara,maga,president,said,stand,talented,trump,,,,,,,,,,,,,
case,civil,company,eldest,fraud,judge,judgement,million,oversaw,president,slammed,son,trump,york,,,,,,,,,,,
act,allegedly,appeal,blanket,circuit,committed,court,house,immunity,judge,rejected,trump,week,white,,,,,,,,,,,
ballot,case,court,following,illinois,maine,remove,rule,soon,state,supreme,trump,,,,,,,,,,,,,
abbot,border,donald,fist,greg,migrant,president,pumped,southern,texas,thursday,trump,visit,waved,,,,,,,,,,,
biden,break,donald,footing,haley,make,march,mark,nikki,primary,race,reaffirm,super,trump,tuesday,,,,,,,,,,
claim,fraud,inflated,judge,lago,ruling,shot,took,trial,wildly,worth,,,,,,,,,,,,,,
aged,carolina,cleaned,especially,president,rural,south,suburbanite,trump,,,,,,,,,,,,,,,,
distance,nomination,party,president,presidential,republican,securing,striking,,,,,,,,,,,,,,,,,
black,comment,donald,election,friday,general,haley,hurt,inflammatory,nikki,november,people,proof,say,trump,,,,,,,,,,
asking,cash,court,filed,lawyer,level,monday,notice,overturn,penalty,president,reserve,reverse,state,threaten,trump,verdict,,,,,,,,
biden,border,campaign,carolina,crushed,disastrous,failed,legislation,open,rally,said,senate,south,trump,,,,,,,,,,,
beat,carolina,come,donald,haley,home,nikki,primary,seek,south,state,trump,upcoming,word,,,,,,,,,,,
appeal,bond,donald,fraction,fraud,loss,million,offered,owes,post,trial,trump,,,,,,,,,,,,,
away,carolina,gone,lagging,margin,north,president,suburb,super,support,trump,tuesday,virginia,wide,,,,,,,,,,,
ally,country,delinquent,donald,encourage,hell,nato,president,republican,runner,russia,said,saturday,trump,want,warned,,,,,,,,,
analysis,branded,building,condo,data,le,logo,manhattan,removed,sale,sell,similar,trump,unit,,,,,,,,,,,
concern,contrast,donald,fight,office,president,seek,term,trump,,,,,,,,,,,,,,,,
beijing,bigger,candidate,china,going,likely,looking,pose,president,risk,tough,west,,,,,,,,,,,,,
alliance,army,commander,hodges,live,obligation,said,trump,,,,,,,,,,,,,,,,,
commitment,endorse,haley,hopeful,interview,meet,news,nikki,press,reaffirm,republican,,,,,,,,,,,,,,
behest,concert,enacted,injured,killed,minute,people,president,regulation,shooting,trump,vega,,,,,,,,,,,,,
ambassador,ballot,caucus,dakota,donald,haley,hold,monday,nikki,north,president,presidential,republican,super,trump,tuesday,,,,,,,,,
ambassador,candidate,carolina,challenge,donald,governor,major,nation,nomination,president,south,trump,united,,,,,,,,,,,,
allen,lying,penthouse,size,trump,turn,weisselberg,,,,,,,,,,,,,,,,,,
april,argument,case,court,gaza,hear,immunity,killed,october,people,supreme,trump,,,,,,,,,,,,,
criminal,donald,hush,lawyer,manhattan,money,repeatedly,tried,trump,,,,,,,,,,,,,,,,
case,donald,hush,jury,lawyer,manhattan,money,potential,prosecutor,question,sparred,trump,,,,,,,,,,,,,
actress,adult,alleged,charge,danels,donald,felony,film,head,illegal,month,payment,pres,stemming,stormy,trial,trump,,,,,,,,
donald,donor,fee,firm,majority,million,money,personal,problem,spent,trump,vast,went,working,,,,,,,,,,,
affect,area,atlanta,claim,document,election,government,group,hacked,presidential,trump,website,,,,,,,,,,,,,
according,banned,book,cofounder,company,concerned,donald,dorsey,jack,parent,president,safety,trump,twitter,,,,,,,,,,,
administration,chao,elaine,leader,mcconnell,minority,mitch,secretary,senate,sister,transportation,trump,wife,,,,,,,,,,,,
ahead,background,biden,common,debunks,misconception,personal,policy,position,rematch,reporter,surrounding,trump,,,,,,,,,,,,
biden,cuban,given,having,rite,said,trump,versus,vote,wake,,,,,,,,,,,,,,,
amendment,argued,lawyer,listen,monday,protects,,,,,,,,,,,,,,,,,,,
avoided,house,loss,majority,mazi,narrow,night,party,pilip,republican,said,shrunk,trump,tuesday,,,,,,,,,,,
case,election,fani,hired,interference,lawyer,lead,nathan,relationship,testified,thursday,trump,wade,willis,,,,,,,,,,,
agent,biden,claremont,disinfo,drive,gala,handed,hunter,institute,official,thumb,trump,,,,,,,,,,,,,
account,biden,campaign,comment,rocky,start,stressing,tiktok,,,,,,,,,,,,,,,,,
aim,american,biden,biometric,bulk,china,concern,country,data,executive,financial,genomic,geolocation,including,limit,mass,personal,president,russia,signed,specifically,target,,,
announced,came,meeting,prepared,private,raft,russia,sanction,,,,,,,,,,,,,,,,,
anytime,attention,biden,camp,republican,thirsty,trump,,,,,,,,,,,,,,,,,,
democratic,effective,focused,formidable,lawmaker,president,said,sharp,,,,,,,,,,,,,,,,,
address,biden,deliver,donald,election,face,likely,november,president,time,trump,,,,,,,,,,,,,,
biden,choosing,democrat,likely,looking,president,rematch,republican,stand,trump,want,,,,,,,,,,,,,,
accidentally,admitted,biden,claim,conspiracy,devastating,directed,energy,history,largest,like,president,spent,start,state,texas,theorist,thursday,trying,used,weapon,week,wildfire,,
announced,aren,biden,defender,democratic,feisty,house,like,medium,minnesota,online,platform,policy,representative,running,say,seat,social,wednesday,,,,,,
address,audience,chance,congress,election,huge,national,november,rare,speak,,,,,,,,,,,,,,,
concern,contrast,donald,fight,office,president,seek,term,trump,,,,,,,,,,,,,,,,
backer,likely,losing,poll,voter,,,,,,,,,,,,,,,,,,,,
donald,furiously,launched,medium,middle,outage,platform,president,right,site,suffered,thursday,timing,torture,trump,tweeting,unfortunate,widespread,,,,,,,
bigger,charge,executive,haley,interview,nikki,program,rematch,removed,say,threat,troubled,trump,,,,,,,,,,,,
bigger,donald,haley,hoping,interview,nikki,option,present,rematch,say,threat,trump,voter,,,,,,,,,,,,
biden,blasted,conference,counsel,criticizing,fine,news,president,report,reporter,saying,scolded,special,,,,,,,,,,,,
according,appeared,claim,create,make,orleans,post,readwrite,,,,,,,,,,,,,,,,,
apply,approve,automatically,biden,colorado,eligible,medicaid,oregon,plan,register,state,thousand,voter,waiting,,,,,,,,,,,
biden,experienced,predictable,preferred,putin,said,think,trump,,,,,,,,,,,,,,,,,
biden,flubbing,foreign,laughed,leader,matter,november,staffer,suggestion,,,,,,,,,,,,,,,,
biden,democrat,likely,pick,presidential,primary,stuck,using,,,,,,,,,,,,,,,,,
biden,commanding,nomination,party,position,respective,seek,trump,,,,,,,,,,,,,,,,,
administration,american,biden,billion,card,credit,fee,late,limit,worth,,,,,,,,,,,,,,,
abortion,biden,debate,hailed,hope,news,pinned,president,reelection,,,,,,,,,,,,,,,,
biden,delivered,donald,hear,needed,really,said,scathing,stewart,trump,,,,,,,,,,,,,,,
appeared,biden,cease,hinted,israel,late,meyers,night,president,seth,weekend,,,,,,,,,,,,,,
biden,depiction,kentucky,mcconnell,relish,republican,successor,villain,way,work,,,,,,,,,,,,,,,
good,hand,helping,interview,like,putin,said,television,thank,volodya,,,,,,,,,,,,,,,
biden,break,donald,footing,haley,make,march,mark,nikki,primary,race,reaffirm,super,trump,tuesday,,,,,,,,,,
account,biden,bribed,charged,company,counsel,david,fabricating,hunter,informant,special,ukrainian,wei,,,,,,,,,,,,
alexei,come,funeral,invasion,major,navalny,scale,speech,ukraine,year,,,,,,,,,,,,,,,
accruing,challenge,legal,nearly,penalty,play,,,,,,,,,,,,,,,,,,,
brief,congressional,house,imminent,leader,said,threat,thursday,white,,,,,,,,,,,,,,,,
accommodate,administration,biden,complain,damage,disability,lose,passenger,proposing,standard,traveler,wheelchair,,,,,,,,,,,,,
administration,american,biden,chronically,dirty,lake,long,pollution,salt,standard,stricter,struggled,unveiling,utah,,,,,,,,,,,
alexander,biden,claim,false,house,indicted,making,president,probe,republican,smirnov,statement,used,,,,,,,,,,,,
biden,california,chinese,convened,country,hope,jinping,northern,november,panda,raised,sending,start,,,,,,,,,,,,
biden,forbid,january,leading,received,robocall,robocalls,thousand,voter,,,,,,,,,,,,,,,,
asshole,benjamin,biden,called,israel,minister,netanyahu,news,president,prime,privately,rise,source,tension,time,told,,,,,,,,,
available,biden,consequence,deter,devastating,died,navalny,penalty,president,putin,russia,said,suffer,unlikely,,,,,,,,,,,
agreed,amass,biden,coalition,democratic,harrison,insane,jaime,party,replacing,said,supporter,think,winning,,,,,,,,,,,
announced,batch,benefit,biden,borrower,forgiveness,loan,plan,relief,save,shortened,student,timeline,,,,,,,,,,,,
bedroom,benefit,biden,book,declaration,good,open,public,tamped,,,,,,,,,,,,,,,,
adult,biden,mentally,physically,poll,said,separate,sunday,term,think,voter,,,,,,,,,,,,,,
ahead,background,biden,common,debunks,misconception,personal,policy,position,rematch,reporter,surrounding,trump,,,,,,,,,,,,
approve,biden,billion,congress,frustrated,gaza,grows,israel,netanyahu,response,,,,,,,,,,,,,,,
biden,counsel,favor,matter,remains,report,robert,seen,special,tuned,voter,,,,,,,,,,,,,,
advisor,attention,biden,boost,clinton,gaffe,hillary,le,philippe,politico,reines,told,visibility,,,,,,,,,,,,
biden,committed,continues,exit,president,race,reelection,speculation,swirl,unlikely,,,,,,,,,,,,,,,
agent,biden,claremont,disinfo,drive,gala,handed,hunter,institute,official,thumb,trump,,,,,,,,,,,,,
biden,cease,deal,hamas,hammer,imminent,israel,negotiator,potential,president,said,week,work,,,,,,,,,,,,
biden,chance,choose,democrat,israel,major,november,primary,support,tlaib,uncommitted,urged,warning,,,,,,,,,,,,
biden,effectively,house,likely,serve,siena,somewhat,strongly,survey,time,voter,white,,,,,,,,,,,,,
american,biden,china,country,disable,function,president,remotely,worried,,,,,,,,,,,,,,,,
ally,biden,counsel,following,forgetful,panic,portraying,president,release,report,special,starting,,,,,,,,,,,,,
amid,angry,aren,base,biden,democratic,facing,gaza,israel,issue,memory,remain,support,,,,,,,,,,,,
biden,disloyal,endorsed,modernization,money,music,said,say,signed,swift,taylor,,,,,,,,,,,,,,
biden,borrower,chuck,elizabeth,fault,help,loan,relief,schumer,sen,shut,student,urged,warren,,,,,,,,,,,
action,biden,come,election,endorsed,general,indignation,month,pundit,swift,trump,,,,,,,,,,,,,,
biden,cnbc,didn,hoped,interact,interaction,leader,manner,mccarthy,personal,point,said,similar,world,,,,,,,,,,,
anniversary,appearance,appeared,biden,late,meyers,night,previously,returned,seth,surprise,,,,,,,,,,,,,,
biden,bucking,embarrassment,handed,island,party,rest,showed,territory,time,,,,,,,,,,,,,,,
biden,donald,gain,large,latest,lead,likely,losing,momentum,national,poll,president,trump,voter,,,,,,,,,,,
biden,fitness,gaffe,presidency,prompted,question,trump,word,,,,,,,,,,,,,,,,,
ahead,appeared,biden,concern,democratic,election,impact,lead,midjourney,mull,picture,post,process,readwrite,state,trump,united,,,,,,,,
announce,appearance,branded,close,donald,effort,fine,look,philadelphia,president,print,saturday,sell,website,,,,,,,,,,,
asset,biden,doing,donor,email,empathy,hour,incredible,jill,people,vision,wisdom,wrote,,,,,,,,,,,,
bader,biden,despite,election,ginsburg,high,mistake,people,refuse,repeat,ruth,stake,step,worried,year,,,,,,,,,,
adversary,american,application,available,bytedance,controlled,force,foreign,group,introduced,lawmaker,order,prohibit,protecting,remain,sell,state,store,tiktok,united,,,,,
contrast,draw,gain,highlight,mark,opponent,poll,president,speech,state,stewardship,union,used,voter,,,,,,,,,,,
biden,bite,campaign,president,reach,road,say,stop,trying,voter,,,,,,,,,,,,,,,
biden,campaign,center,classified,counsel,document,glaring,handling,president,reelection,report,special,vulnerability,week,,,,,,,,,,,
appropriate,asked,biden,drug,look,really,said,think,work,,,,,,,,,,,,,,,,
audience,biden,come,critical,election,largest,moment,state,union,,,,,,,,,,,,,,,,
biden,community,criticism,derailment,disaster,donald,faced,president,promised,resident,shortly,soon,trip,trump,visit,,,,,,,,,,
biden,border,donald,issue,liability,migration,offensive,texas,trump,trying,visiting,year,,,,,,,,,,,,,
cuban,donald,said,salesperson,snake,trump,want,,,,,,,,,,,,,,,,,,
communication,director,lady,obama,president,running,said,statement,,,,,,,,,,,,,,,,,
biden,bipartisan,blaming,blocked,crisis,fund,limit,president,republican,security,southern,strategy,,,,,,,,,,,,,
biden,campaign,cease,encourage,forward,gaza,message,michigan,permanent,president,push,refusal,send,voter,worked,,,,,,,,,,
action,biden,border,crossing,executive,funding,governor,lack,law,limited,looking,migrant,number,president,reduce,southern,told,way,,,,,,,
begin,biden,deal,gaza,held,hostage,negotiator,optimistic,president,reach,say,temporary,territory,trying,week,,,,,,,,,,
biden,competitive,contest,delegate,donald,election,expected,general,party,state,trump,vying,,,,,,,,,,,,,
address,amid,biden,conflict,domestic,election,foreign,hear,make,mind,president,state,thursday,uncertainty,union,want,year,,,,,,,,
american,arab,area,biden,ceasefire,detroit,lose,message,muslim,november,plan,primary,send,tuesday,uncommitted,vote,voter,want,young,,,,,,
ahead,biden,came,donald,expert,historian,just,place,presidential,rank,reagan,ronald,survey,time,trump,wilson,woodrow,,,,,,,,
abierto,aparece,biden,cara,crata,cuenta,diferentes,elecciones,escogiendo,estados,llegar,objetivo,opciones,presidente,primer,publicado,rela,tiktok,unidos,venes,votantes,ximas,,,
biden,cuban,given,having,rite,said,trump,versus,vote,wake,,,,,,,,,,,,,,,
admitted,area,austin,bladder,emergent,hospital,issue,sunday,symptom,treat,,,,,,,,,,,,,,,
arrested,artificial,benefit,california,china,containing,engineer,file,google,indictment,information,intelligence,rival,secret,stealing,tech,trade,using,wednesday,,,,,,
abbot,border,donald,fist,greg,migrant,president,pumped,southern,texas,thursday,trump,visit,waved,,,,,,,,,,,
biden,blasting,cable,counsel,defending,democrat,mind,morning,news,report,robert,special,spent,sunday,,,,,,,,,,,
according,biden,concern,conversation,daily,grandchild,near,post,rooted,,,,,,,,,,,,,,,,
admitted,alexander,associated,authority,biden,federal,hunter,intelligence,involved,official,passing,president,prosecutor,russian,smirnov,story,,,,,,,,,
ballot,biden,democratic,gaza,group,handling,israel,listen,michigan,president,protest,state,uncommitted,urging,voter,,,,,,,,,,
activist,attention,ballot,campaign,center,check,democratic,gained,generation,leader,michigan,nationwide,primary,uncommitted,voter,,,,,,,,,,
biden,critical,explains,history,immolation,israel,michigan,oxford,people,political,primary,protest,scholar,self,state,support,uncommitted,vote,voter,,,,,,
accepted,according,alexander,bidens,bribe,burisma,charged,claim,court,document,holding,intelligence,lying,russian,said,smirnov,,,,,,,,,
american,better,biden,economy,feeling,hasn,helped,polling,president,,,,,,,,,,,,,,,,
ballot,candidate,democratic,favorable,late,possibly,primary,,,,,,,,,,,,,,,,,,
civil,crucial,democracy,facing,fought,hard,idea,largest,test,world,,,,,,,,,,,,,,,
democracy,disaster,funny,mary,potential,rhetoric,said,trump,,,,,,,,,,,,,,,,,
abroad,called,city,cloaked,country,democracy,demonstrator,march,marched,mexico,party,pink,ruling,sunday,targeting,thousand,,,,,,,,,
best,democracy,election,grave,kremlin,lie,main,putin,rival,russian,say,sham,,,,,,,,,,,,,
decade,democracy,election,fighting,hina,honor,human,jilani,killing,right,spent,,,,,,,,,,,,,,
democracy,election,fledgling,forebodes,fresh,general,indonesia,uncertainty,,,,,,,,,,,,,,,,,
alarm,appeared,artificial,deepfake,deepfakes,democracy,executive,fear,intelligence,intensify,misinformation,posed,post,powered,readwrite,senior,sound,threat,warned,,,,,,
best,celebrate,collection,deal,democracy,freedom,game,liberty,medium,,,,,,,,,,,,,,,,
april,conversation,cover,foer,franklin,story,,,,,,,,,,,,,,,,,,,
artificial,distinguish,election,eligible,exclude,ineligible,intelligence,pro,remove,unknowingly,using,,,,,,,,,,,,,,
daily,decade,departure,host,landscape,late,nation,night,reckon,return,,,,,,,,,,,,,,,
advocated,american,called,candidate,claudia,corruption,demonstration,election,fair,free,latin,mexico,moren,nation,opposition,presidential,railed,registered,ruling,runner,sheinbaum,,,,
attention,case,commanding,democracy,election,right,swirling,wasn,,,,,,,,,,,,,,,,,
democracy,equipping,galaxy,having,helldivers,just,necessary,person,saving,shooter,spread,,,,,,,,,,,,,,
available,deck,democracy,fight,happy,kind,minus,person,report,runaway,shooter,user,wondered,,,,,,,,,,,,
dictator,election,indonesia,ousted,survived,test,year,,,,,,,,,,,,,,,,,,
bolder,commissioner,counter,extremism,government,issue,minister,tackling,urge,,,,,,,,,,,,,,,,
based,battle,democracy,earn,electric,fight,gear,getting,good,gun,helldivers,laser,menace,news,pas,premium,robot,soldier,toy,turn,upcoming,weapon,,,
biden,charlamagne,election,inspired,likely,news,rematch,said,trump,want,week,,,,,,,,,,,,,,
alexei,attend,covering,editor,funeral,navalny,reflects,russia,thousand,,,,,,,,,,,,,,,,
ahead,challenge,election,focus,know,learning,manipulation,misinformation,outright,presidential,propaganda,turning,world,,,,,,,,,,,,
favored,like,medium,online,opportunity,pas,passed,protecting,safety,sense,social,sponsor,,,,,,,,,,,,,
abraham,accomplishment,author,book,donald,lincoln,president,think,trump,,,,,,,,,,,,,,,,
democracy,elected,foundation,gun,health,intrusion,limiting,official,politics,protect,public,,,,,,,,,,,,,,
apply,approve,automatically,biden,colorado,eligible,medicaid,oregon,plan,register,state,thousand,voter,waiting,,,,,,,,,,,
body,defense,failure,general,hodges,military,retired,russian,slam,slammed,urged,west,,,,,,,,,,,,,
approximation,aviv,center,essay,innovator,interdisciplinary,iword,kathryn,ovadya,peter,posted,primer,reimagining,second,series,stemming,workshop,,,,,,,,
democracy,follow,galaxy,having,helldivers,liber,serving,spreading,time,tip,trouble,,,,,,,,,,,,,,
advocated,american,called,demonstration,election,fair,free,latin,mexico,nation,opposition,party,,,,,,,,,,,,,
acid,alive,annoying,best,bile,bug,crush,helldivers,method,nasty,sound,spewer,,,,,,,,,,,,,
action,extremism,government,interior,mass,minister,protest,recent,said,spurred,,,,,,,,,,,,,,,
convoy,drive,favour,mile,repay,south,ukraine,wale,year,,,,,,,,,,,,,,,,
attacking,bipartisan,election,leonard,player,power,reform,right,,,,,,,,,,,,,,,,,
contest,election,personality,presidential,,,,,,,,,,,,,,,,,,,,,
alabama,christian,conservative,favor,map,nationalist,rural,support,survey,virginia,west,,,,,,,,,,,,,,
arabia,company,cyberweapons,deadly,defender,documented,fast,government,human,impact,journalist,lawyer,note,pegasus,right,sanction,saudi,scrutiny,spain,wave,wielded,,,,
automaton,born,chimaerical,democracy,easy,enemy,hate,haven,helldiving,hideous,hybrid,managed,necessary,past,seen,stitch,terminid,wouldn,,,,,,,
brought,change,country,journalist,lytvynova,polina,producer,reflects,russia,ukraine,work,year,,,,,,,,,,,,,
administration,allow,announced,biden,earlier,establish,flow,gaza,port,temporary,territory,thursday,,,,,,,,,,,,,
annuls,constitutional,court,december,decree,macky,month,moving,president,sall,vote,,,,,,,,,,,,,,
coming,democracy,save,,,,,,,,,,,,,,,,,,,,,,
amazon,announced,appeared,artificial,company,election,intelligence,introduces,owned,partially,post,precaution,prompt,readwrite,safety,shield,,,,,,,,,
action,best,biggest,combat,exploded,game,hard,helldivers,intense,moment,online,person,popularity,quickly,satirical,satisfying,shooter,silly,tone,week,,,,,
concurrent,extraordinary,fact,factor,fifth,helldivers,impressive,make,person,player,popular,reached,sensation,shooter,steam,weekend,,,,,,,,,
armored,automaton,charge,charger,contains,death,enemy,faction,happily,heavily,helldivers,large,nasty,number,online,party,send,shooter,terminid,terminids,,,,,
based,democratic,sudan,transformation,unique,,,,,,,,,,,,,,,,,,,,
approving,country,hungary,nordic,president,signed,tuesday,,,,,,,,,,,,,,,,,,
armed,dangerous,elected,heavily,home,official,police,prank,sent,targeted,,,,,,,,,,,,,,,
biden,democracy,dodged,donald,going,norm,president,straight,trap,trump,,,,,,,,,,,,,,,
act,allegedly,appeal,blanket,circuit,committed,court,house,immunity,judge,rejected,trump,week,white,,,,,,,,,,,
appeal,chile,clarify,coup,court,day,death,help,killed,laureate,military,neruda,nobel,pablo,poet,reinvestigated,ruled,saying,step,,,,,,
chose,effort,fought,newsom,overwhelmingly,question,recall,recalled,vigorously,voter,,,,,,,,,,,,,,,
abdullah,andy,campaign,dearborn,democrat,endorsed,hammoud,levin,like,mayor,michigan,rashida,tlaib,uncommitted,,,,,,,,,,,
bipartisan,border,defense,fund,group,house,israel,lawmaker,proposal,provide,southern,taiwan,ukraine,unveiled,,,,,,,,,,,
democracy,head,hope,president,privately,reelected,said,stake,state,told,win,,,,,,,,,,,,,,
asks,condemns,democracy,filmmaking,indiewire,putin,regime,released,safeguard,statement,team,vladimir,,,,,,,,,,,,,
area,aren,autoworkers,black,choice,churchgoer,college,detroit,election,excited,general,likely,spoke,student,unsure,vote,,,,,,,,,
accuses,antitrust,blistering,chair,committee,consolidating,effectiveness,enforcing,house,judiciary,lina,office,power,published,sidelined,thing,week,,,,,,,,
concern,contrast,donald,fight,office,president,seek,term,trump,,,,,,,,,,,,,,,,
access,america,assault,display,freedom,information,medium,truth,,,,,,,,,,,,,,,,,
address,case,concern,democracy,discus,indonesia,israel,marsudi,occupation,palestine,retno,,,,,,,,,,,,,,
brace,election,heard,hope,india,little,smallest,totos,tribe,world,,,,,,,,,,,,,,,
dangerous,election,india,largest,novel,party,prepares,strategy,turning,world,,,,,,,,,,,,,,,
andres,city,crowd,famous,gathered,huge,lopez,manuel,mexico,obrador,president,protest,square,zocalo,,,,,,,,,,,
capital,consolidate,crowd,effort,huge,lopez,mexican,obrador,power,president,rallied,taking,,,,,,,,,,,,,
angebotenen,begehrt,business,council,democracy,demokratie,ihre,kurse,medienkompetenz,mitarbeiter,nnen,programm,schulen,sind,unternehmen,zunehmend,,,,,,,,,
according,appeared,available,breach,cybersecurity,exposing,file,globe,hacker,hired,including,information,leaked,massive,obtained,operation,post,purchase,readw,reveal,service,target,variety,,
appeared,audio,blast,clip,dangerous,lie,post,potential,readwrite,renewed,sent,spread,warning,,,,,,,,,,,,
alternative,appear,ballot,colorado,court,debate,donald,effectively,election,eligible,engaged,germany,heated,presidential,primary,right,supreme,trump,weighs,year,,,,,
auto,caught,controlled,creek,enemy,faction,game,glimpse,heard,helldivers,inspired,likely,malevelon,movie,person,planet,playable,seen,shooter,starship,trooper,,,,
claim,counsel,court,donald,immunity,jack,president,rejection,responded,smith,special,stay,trump,,,,,,,,,,,,
chance,democracy,disgraceful,enemy,enhance,fearless,freedom,galactic,greeting,hero,high,loadout,packed,push,steel,vibe,voltage,warbond,,,,,,,
advocate,confident,democracy,leader,modi,opposition,remains,transparency,,,,,,,,,,,,,,,,,
democracy,gemini,hong,image,kong,massacre,protest,refusal,report,square,tiananmen,user,,,,,,,,,,,,,
ayub,champion,country,coup,democracy,grandfather,khan,military,need,omar,pakistan,,,,,,,,,,,,,,
aren,change,choice,express,happy,helldivers,important,ship,,,,,,,,,,,,,,,,,
action,alarm,attorney,consequence,house,ignoring,january,president,rhetoric,russia,sounding,trump,white,,,,,,,,,,,,
morning,post,question,raise,,,,,,,,,,,,,,,,,,,,,
accountability,anti,apparent,case,constitutional,court,democracy,increasingly,judge,lack,movement,order,party,political,populist,relying,rise,unelected,uphold,,,,,,
address,biden,democracy,economy,expected,high,president,stake,state,touch,union,,,,,,,,,,,,,,
complex,democracy,election,highly,largest,people,poll,single,world,,,,,,,,,,,,,,,,
biden,drutman,economy,going,writes,,,,,,,,,,,,,,,,,,,,
artificial,commerce,conference,election,gina,intelligence,nefariously,press,raimondo,said,secretary,used,washington,worried,,,,,,,,,,,
account,hour,income,later,official,party,said,unfrozen,,,,,,,,,,,,,,,,,
accusing,body,central,city,electoral,mexico,president,throng,trying,undermine,,,,,,,,,,,,,,,
biden,delivery,house,prepared,president,provided,remark,state,union,white,,,,,,,,,,,,,,,
country,democracy,digital,disinformation,election,exploitation,face,global,increasing,integrity,liberal,list,near,rampant,spread,threat,threaten,unprecedented,unprepared,woefully,,,,,
christian,church,civil,conservative,country,despite,greece,greek,influential,legalize,marriage,opposition,orthodox,socially,thursday,,,,,,,,,,
ability,chanted,country,dangerous,follower,hometown,inspire,navalny,public,russia,sign,utter,word,,,,,,,,,,,,
alabama,child,clarify,company,court,document,embryo,frozen,government,hacking,lawmaker,leaked,operation,propose,ruling,state,supreme,,,,,,,,
award,childhood,cited,community,intergenerational,interplay,japan,jury,postwar,power,prestigious,shaped,work,yamamoto,,,,,,,,,,,
case,court,hold,order,prosecution,trump,wednesday,,,,,,,,,,,,,,,,,,
case,counsel,court,delay,donald,election,interference,jack,president,proceed,smith,special,supreme,trial,trump,urged,wednesday,,,,,,,,
court,hearing,highest,historic,israel,land,legality,monday,nation,occupation,open,palestinian,sought,state,united,year,,,,,,,,,
alabama,chief,child,christian,come,court,day,deemed,embryo,expert,extrauterine,extremist,frozen,justice,light,movement,supreme,tie,,,,,,,
argument,came,case,court,decision,election,heard,high,justice,middle,oral,politically,presidential,sensitive,week,,,,,,,,,,
deployed,elite,investigation,jazeera,police,protest,quash,senegalese,trained,unit,violently,,,,,,,,,,,,,,
december,issue,reader,respond,,,,,,,,,,,,,,,,,,,,,
case,election,fani,georgia,interference,lawyer,lead,nathan,relationship,stand,testifying,thursday,took,trump,wade,willis,,,,,,,,,
biden,chance,choose,democrat,israel,major,november,primary,support,tlaib,uncommitted,urged,warning,,,,,,,,,,,,
appointed,coach,defender,head,interim,ireland,john,manchester,republic,shea,united,,,,,,,,,,,,,,
attempted,congo,democratic,monkey,mummified,remains,republic,returning,sneak,traveler,,,,,,,,,,,,,,,
concacaf,coverage,dominican,espn,game,gold,highlight,including,republic,score,state,stats,united,updated,,,,,,,,,,,
bloomberg,company,deal,death,embracer,exit,grip,interactive,investor,million,parent,private,reported,reportedly,roughly,strategy,studio,thursday,worth,,,,,,
arrested,artificial,benefit,california,china,containing,engineer,file,google,indictment,information,intelligence,rival,secret,stealing,tech,trade,using,wednesday,,,,,,
answer,complex,diamond,eye,fate,germ,gun,haiti,hemisphere,human,jared,nation,poorest,say,simple,society,speculated,steel,western,,,,,,
congo,democratic,eastern,flee,following,forced,killed,people,republic,sharp,thousand,uptick,violence,,,,,,,,,,,,
aboard,death,dominican,family,flight,friend,indiana,republic,returning,said,shocked,sudden,vacation,woman,,,,,,,,,,,
amid,battle,communication,concern,country,developing,endorsed,house,influence,international,monday,partner,principle,report,said,shared,standard,underway,western,white,wireless,,,,
bought,chechen,exchange,fighter,force,pow,prisoner,reported,russian,swap,time,ukrainian,,,,,,,,,,,,,
appeared,company,cost,cutting,exercise,interactive,investor,latest,million,post,private,readwrite,swedish,,,,,,,,,,,,
agent,charging,estate,listing,propertypal,proposed,site,,,,,,,,,,,,,,,,,,
disease,dying,ebola,feared,infected,infectious,mortality,rate,shown,vaccine,,,,,,,,,,,,,,,
africa,destabilise,group,intelligence,mercenary,russia,service,taken,using,,,,,,,,,,,,,,,,
continuing,embracer,group,interactive,knight,like,marine,million,project,remake,reportedly,republic,saber,selling,space,star,team,war,warhammer,work,,,,,
charged,chinese,company,confidential,data,employee,stealing,using,,,,,,,,,,,,,,,,,
administration,american,announced,biden,built,china,concern,connecting,constantly,country,driver,house,infrastructure,investigation,note,phone,unnamed,vehicle,white,,,,,,
absolute,classic,switch,,,,,,,,,,,,,,,,,,,,,,
abuse,case,child,cover,known,people,rule,suspected,working,,,,,,,,,,,,,,,,
dublin,earn,excellent,ireland,performance,produced,republic,surprise,wale,,,,,,,,,,,,,,,,
abroad,gang,haiti,minister,prevent,prime,return,thought,want,,,,,,,,,,,,,,,,
country,europe,globe,italy,like,living,menu,pizza,seven,shower,thing,thinking,wale,,,,,,,,,,,,
american,biden,china,country,disable,function,president,remotely,worried,,,,,,,,,,,,,,,,
chance,commentator,dimon,half,landing,pushed,saying,soft,think,,,,,,,,,,,,,,,,
adrenaline,april,automower,corridor,dark,demon,doom,experience,filled,fueled,game,hell,husqvarna,lawn,lawnmower,legendary,model,mower,nera,playable,prepare,spawned,video,year,
aoife,defender,friendly,ireland,italy,kiernan,leanne,liverpool,manchester,mannion,republic,return,squad,striker,united,wale,,,,,,,,,
britain,czech,defeat,eurobasket,fall,great,pardubice,qualifier,republic,,,,,,,,,,,,,,,,
alphabet,chinese,company,continue,firm,post,reading,software,stealing,theft,trade,whilst,,,,,,,,,,,,,
campaign,dublin,england,host,ireland,nation,open,opener,poland,republic,scotland,,,,,,,,,,,,,,
batch,biological,devised,feature,harkens,hemlock,high,premiere,republic,season,slither,star,vine,war,weapon,,,,,,,,,,
acolyte,book,character,defy,disney,high,look,offer,republic,series,star,storm,upcoming,war,,,,,,,,,,,
broadly,carolina,face,horry,light,official,party,shed,south,squabble,struggle,,,,,,,,,,,,,,
balcony,cabin,inside,loved,porthole,room,spent,upgrade,windowless,,,,,,,,,,,,,,,,
army,congolese,displacement,fighting,fuelling,heavy,rebel,regional,tension,,,,,,,,,,,,,,,,
appointing,association,canham,closer,director,getting,manager,marc,organisation,republic,say,,,,,,,,,,,,,,
appoint,body,bos,canham,director,football,governing,ireland,marc,nearing,process,republic,say,,,,,,,,,,,,
appointment,commitment,contractual,delaying,early,existing,ireland,manager,month,republic,say,,,,,,,,,,,,,,
embattled,grow,haiti,louder,minister,neighboring,port,prime,prince,puerto,resign,return,rico,unable,,,,,,,,,,,
anniversaryif,collect,commemorates,concept,design,edition,lookout,nakhchivan,pretty,probably,set,special,type,unique,,,,,,,,,,,
border,boston,custom,dead,dog,luggage,monkey,protection,say,sniffed,traveler,unusual,,,,,,,,,,,,,
america,appearing,apple,bolivia,brazil,costa,country,dominican,expanding,guatemala,honduras,latin,launching,panama,paraguay,region,republic,rica,salvador,search,start,store,,,
aviva,campaign,champion,difficult,england,euro,host,ireland,qualifying,republic,stadium,sweden,team,woman,,,,,,,,,,,
belgium,bos,brian,friendly,international,ireland,kerr,march,republic,return,switzerland,,,,,,,,,,,,,,
case,cobalt,forced,giant,hold,labor,liable,sought,tech,,,,,,,,,,,,,,,,
according,american,china,daily,deployed,group,island,mission,news,permanent,permanently,republic,stationed,training,troop,united,unprecedented,,,,,,,,
able,action,adventure,announced,away,character,continuesrecently,disney,era,fan,galaxy,image,inspired,live,lucasfilm,original,park,ride,story,tour,travel,war,,,
appointed,coach,head,interim,ireland,john,republic,shea,,,,,,,,,,,,,,,,,
bos,candidate,chris,coleman,ireland,kenny,leading,manager,republic,stephen,succeed,wale,,,,,,,,,,,,,
adventure,continued,following,grime,michonne,rick,series,stream,upcoming,,,,,,,,,,,,,,,,
accordingly,chance,devise,realistic,strategy,total,ukrainian,victory,west,,,,,,,,,,,,,,,,
bonanza,changed,consumerism,dramatically,filled,meaning,president,today,unremarkable,washington,work,,,,,,,,,,,,,,
alert,credential,cyber,default,edgerouters,exploiting,hack,international,partner,russian,ubiquiti,using,warn,,,,,,,,,,,,
champion,defending,drawn,england,euro,france,group,ireland,qualifying,republic,sweden,woman,,,,,,,,,,,,,
afraid,anymore,girl,iranian,news,told,,,,,,,,,,,,,,,,,,,
aim,expert,illegal,movement,said,secession,texas,united,,,,,,,,,,,,,,,,,
campaign,england,euro,explained,face,france,holder,ireland,look,republic,sweden,woman,,,,,,,,,,,,,
assistant,bayern,chelsea,clement,consideration,ireland,madrid,manager,munich,paul,real,republic,,,,,,,,,,,,,
army,battle,forced,say,shortage,supply,ukraine,withdraw,,,,,,,,,,,,,,,,,
awkward,bos,dunne,game,interim,ireland,john,month,position,republic,richard,say,shea,thing,,,,,,,,,,,
award,doe,epic,film,flop,historical,napoleon,present,probe,,,,,,,,,,,,,,,,
according,aspyr,bloomberg,continue,deal,development,embracer,group,interactive,knight,remake,removed,report,republic,sell,star,war,work,worth,,,,,,
accused,armenia,armenian,backlash,daughter,doesn,electoral,eligibility,facing,following,meet,mountain,nepotism,obama,presidency,reportedly,requirement,sasha,tuesday,victory,winning,yerevan,,,
appeal,beat,congressman,donald,enduring,jail,lesson,lyon,matthew,offer,trump,want,,,,,,,,,,,,,
activision,bandicoot,blizzard,crash,franchise,going,independent,like,skylanders,spyro,studio,toy,,,,,,,,,,,,,
banana,beefy,best,button,leather,make,mall,menswear,outerwear,plenty,republic,silky,start,trouser,,,,,,,,,,,
bloc,donald,immigration,latino,pivtal,potentially,powerful,president,pretty,reach,rhetoric,sharp,state,swing,time,trump,trying,voting,,,,,,,
aaryn,baldur,best,credit,dragon,effect,flynn,founding,game,gate,inflexion,knight,loved,mass,origin,republic,star,studio,trilogy,war,worked,,,,
army,china,closer,counterweight,general,greatest,pacific,partner,said,,,,,,,,,,,,,,,,
assault,avdiivka,brigade,conduct,controversial,counterattack,right,root,ukraine,used,wing,withdrawal,,,,,,,,,,,,,
alike,based,brain,celebrity,clothing,designer,fan,fashion,lopez,loved,luar,raul,york,,,,,,,,,,,,
coach,despite,drawn,eileen,england,euro,france,gleeson,group,happy,head,ireland,league,qualifier,republic,say,sweden,,,,,,,,
access,affair,backdoored,called,come,company,consular,cybersecurity,dcso,deliver,department,finding,foreign,german,installer,konni,likely,ministry,remote,russian,tool,trojan,updog,used,
amenity,author,circuit,complimentary,editor,entirely,entity,expressed,external,inside,look,note,opinion,provided,resort,review,stay,subject,weren,,,,,,
boigny,coast,congo,democratic,draw,edged,felix,final,goalless,houphouet,ivory,nation,penalty,place,republic,south,stadium,took,,,,,,,
amenity,come,conscious,environmentally,experience,hefty,increasingly,luxury,marking,paradigm,premium,seek,segment,shift,sustainable,tourism,traveler,trend,,,,,,,
amid,banned,child,czech,dozen,hospitalization,product,republic,temporarily,,,,,,,,,,,,,,,,
beach,cana,caribbean,city,historic,island,landscape,lush,pleasure,punta,resort,romantic,,,,,,,,,,,,,
amenity,author,complimentary,editor,entirely,expressed,inside,look,marriott,note,opinion,provided,resort,stay,subject,type,weren,,,,,,,,
according,ahead,circus,cosmic,daisy,filmed,movie,production,received,report,respective,ridley,star,start,untitled,war,,,,,,,,,
crafted,cultural,dead,decade,early,escape,fare,flawles,impossible,mere,performance,phenomenon,pilotremains,powerful,precision,premiere,prosthetics,regular,rose,walking,wasn,zombie,,,
anthem,austin,bioware,flew,hand,headquarters,immediately,invited,january,live,looter,optimistic,player,service,shooter,smitten,studio,test,texas,,,,,,
february,know,need,present,tuning,,,,,,,,,,,,,,,,,,,,
computer,dual,foldable,notebook,screen,wave,,,,,,,,,,,,,,,,,,,
best,collection,direct,game,getting,multiplayer,nintendo,online,partner,release,revealed,today,,,,,,,,,,,,,
destination,dominican,emerging,newcomer,renowned,republic,travel,wellness,,,,,,,,,,,,,,,,,
comment,,,,,,,,,,,,,,,,,,,,,,,,
biden,bite,campaign,president,reach,road,say,stop,trying,voter,,,,,,,,,,,,,,,
aren,china,coming,decade,east,fighter,great,like,middle,moore,pilot,power,ready,said,,,,,,,,,,,
chat,created,developer,house,lithuania,milda,mitkute,party,secondhand,shopping,unicorn,vinted,,,,,,,,,,,,,
aboard,clearly,cruise,difference,evolution,industry,newer,norwegian,older,play,ship,took,trip,,,,,,,,,,,,
carlos,comeback,diamond,looking,make,outfielder,retired,road,sport,star,trading,,,,,,,,,,,,,,
acceptable,appeared,day,drape,episode,feeling,george,loving,piece,plus,post,read,remember,sale,say,seinfeld,socially,spring,velvet,,,,,,
address,arrowhead,capacity,descending,designed,earther,glimpsing,heck,helldivers,horde,insect,like,lone,nope,orbit,patch,pulled,released,server,shooter,spaceship,super,swiftly,,
brien,camera,comedy,currently,dark,dylan,exclusive,foll,global,headline,james,picture,portland,republic,right,rolling,star,sweeney,taken,twinless,wrote,,,,
bass,centr,consisting,february,fine,http,invited,island,kiribatigov,kirr,mile,million,nation,otptzwm,pronounced,square,stretching,water,,,,,,,
blackrock,boomen,chst,enviria,expresssteuer,flix,gewinnt,gibt,ideen,investor,milliarden,millionen,rebuy,republic,rung,startupticker,steht,trade,unterlassungserkl,weiter,,,,,
china,dominate,land,mile,pacific,palau,population,republic,sits,square,strategically,support,western,,,,,,,,,,,,
bird,congo,democratic,elusive,nearly,photographed,rediscovered,republic,seen,year,,,,,,,,,,,,,,,
announcing,carey,eternally,excitedly,grande,love,single,wrote,,,,,,,,,,,,,,,,,
bookstore,fall,filmmaker,flop,glory,hit,illusion,legend,love,memoir,reflects,release,,,,,,,,,,,,,
conflict,division,election,highlighted,left,,,,,,,,,,,,,,,,,,,,
accomplish,actually,house,impeachment,legislation,like,mayorkas,partisan,passed,session,,,,,,,,,,,,,,,
border,critical,district,dominated,election,expelled,george,politics,replace,santos,special,swing,york,,,,,,,,,,,,
cost,escalating,florida,heat,home,moved,nancy,overbearing,politics,retiree,rural,virginia,year,,,,,,,,,,,,
bigger,congress,decision,george,lawler,mike,politico,politics,remove,santos,told,vote,,,,,,,,,,,,,
career,helped,just,learned,politics,said,shake,swift,taylor,teased,work,,,,,,,,,,,,,,
ascent,britt,just,latest,moment,night,politics,republican,response,rising,star,thursday,viewed,,,,,,,,,,,,
biden,bipartisan,blaming,blocked,crisis,fund,limit,president,republican,security,southern,strategy,,,,,,,,,,,,,
abortion,arizona,attention,ballot,center,extra,major,mean,midterm,presidential,proved,race,year,,,,,,,,,,,,
attention,paying,predictable,super,tuesday,,,,,,,,,,,,,,,,,,,,
book,deal,drama,feel,girl,high,inspired,like,make,mean,rosalind,say,school,way,wiseman,workplace,,,,,,,,,
declining,driving,influence,really,religion,,,,,,,,,,,,,,,,,,,,
biden,brownsville,playing,politics,stop,texas,told,trump,,,,,,,,,,,,,,,,,
claim,donaldson,jeffrey,stirring,stormont,talk,tension,threatened,,,,,,,,,,,,,,,,,
academy,artistic,award,campaign,care,expensive,film,le,lengthy,merit,orchestrated,scene,win,,,,,,,,,,,,
absence,aesthetic,gonzalez,noise,revered,silence,wrote,xochitl,,,,,,,,,,,,,,,,,
beloved,biopic,country,divided,love,marley,music,singer,sought,unite,,,,,,,,,,,,,,,
biden,drutman,economy,going,writes,,,,,,,,,,,,,,,,,,,,
circus,election,likened,rochdale,speaker,tightrope,walk,,,,,,,,,,,,,,,,,,
didn,healthcare,jules,law,left,match,moved,policy,political,rogers,state,texas,view,woman,work,year,,,,,,,,,
disengage,people,reasonable,zealot,,,,,,,,,,,,,,,,,,,,,
crime,distraction,politics,rapper,story,true,,,,,,,,,,,,,,,,,,,
deliberate,dramatic,forefront,navalnaya,opposition,politics,russian,yulia,,,,,,,,,,,,,,,,,
brain,experience,implant,individual,mean,neuralink,politics,,,,,,,,,,,,,,,,,,
civil,crucial,democracy,facing,fought,hard,idea,largest,test,world,,,,,,,,,,,,,,,
amid,come,editor,fear,listening,political,say,statement,stopped,tory,voter,,,,,,,,,,,,,,
airline,city,concorde,didn,economics,lion,london,meant,operated,politics,singapore,,,,,,,,,,,,,,
appeared,autoblog,continue,electric,filed,green,manufacturing,originally,plant,reading,,,,,,,,,,,,,,,
came,conflict,gaza,important,israel,issue,local,mind,vote,,,,,,,,,,,,,,,,
economic,global,growth,hinder,politics,populist,said,sector,threaten,treasury,,,,,,,,,,,,,,,
accused,criminal,flagged,meta,overlooking,propaganda,prosecutor,,,,,,,,,,,,,,,,,,
disgraced,ejected,face,george,house,island,lalota,long,nick,office,primary,santos,say,seek,,,,,,,,,,,
actually,billionaire,book,burn,dish,immature,mean,memoir,pundit,silicon,valley,,,,,,,,,,,,,,
biden,bite,campaign,president,reach,road,say,stop,trying,voter,,,,,,,,,,,,,,,
broadly,carolina,face,horry,light,official,party,shed,south,squabble,struggle,,,,,,,,,,,,,,
academic,economist,greece,interview,medium,post,said,social,thrown,varoufakis,yanis,,,,,,,,,,,,,,
democracy,elected,foundation,gun,health,intrusion,limiting,official,politics,protect,public,,,,,,,,,,,,,,
democratic,effective,focused,formidable,lawmaker,president,said,sharp,,,,,,,,,,,,,,,,,
amazon,announced,appeared,artificial,company,election,intelligence,introduces,owned,partially,post,precaution,prompt,readwrite,safety,shield,,,,,,,,,
appear,chapter,condition,discus,economics,economy,election,especially,modern,politician,principle,reelected,responsive,textbook,tyler,voter,want,wise,year,,,,,,
comment,consideration,desantis,lacivita,presidential,private,reported,responding,trump,vice,,,,,,,,,,,,,,,
avoided,house,loss,majority,mazi,narrow,night,party,pilip,republican,said,shrunk,trump,tuesday,,,,,,,,,,,
abbot,border,donald,fist,greg,migrant,president,pumped,southern,texas,thursday,trump,visit,waved,,,,,,,,,,,
announced,aren,biden,defender,democratic,feisty,house,like,medium,minnesota,online,platform,policy,representative,running,say,seat,social,wednesday,,,,,,
army,bracelet,company,football,game,jewelry,jumped,ranger,sale,started,swift,talked,taylor,wore,year,,,,,,,,,,
arizona,control,determining,likely,seat,senate,,,,,,,,,,,,,,,,,,,
abundance,boom,capitalist,ditching,francisco,investor,join,keith,moved,praising,rabois,report,returning,startup,talent,tech,urged,venture,,,,,,,
action,face,heidi,heitkamp,impregnated,legal,matt,podcast,republican,rosendale,said,staffer,year,,,,,,,,,,,,
biden,craziest,democrat,fought,hated,idea,mcconnell,mitch,time,trump,work,,,,,,,,,,,,,,
bungie,congress,creator,destiny,donnell,game,halo,like,marty,music,nevada,running,seat,,,,,,,,,,,,
blue,consultant,diversity,helped,life,moved,opportunity,professionally,quality,said,,,,,,,,,,,,,,,
alexander,finland,minister,narrowly,president,prime,runoff,stubb,sunday,vote,,,,,,,,,,,,,,,
accused,conservative,controlled,islamist,lawmaker,london,mayor,party,suspended,tie,,,,,,,,,,,,,,,
continent,cultural,difference,europe,form,friendship,living,similarity,stood,,,,,,,,,,,,,,,,
congressman,dexter,filkins,florida,havoc,motivates,party,podcast,political,republican,scene,wreak,,,,,,,,,,,,,
advance,artillery,blunt,build,crowdfunding,defense,line,needed,russian,shield,tool,troop,ukrainian,unit,,,,,,,,,,,
biden,campaign,explains,host,medium,need,podcast,popular,presidential,scene,team,threat,violence,warping,withering,,,,,,,,,,
ceasefire,chaos,debate,descended,gaza,hoyle,lindsay,position,threat,,,,,,,,,,,,,,,,
apply,capture,cartoonist,country,event,foible,fruit,head,hypocrisy,labor,meme,politics,skill,slapping,spectrum,stained,week,world,,,,,,,
apply,capture,cartoonist,country,event,foible,fruit,head,hypocrisy,labor,meme,politics,skill,slapping,spectrum,stained,week,world,,,,,,,
apply,capture,cartoonist,country,event,foible,fruit,head,hypocrisy,labor,meme,politics,skill,slapping,spectrum,stained,week,world,,,,,,,
carwyn,missing,powell,say,sheepdog,tackle,theft,weak,went,,,,,,,,,,,,,,,,
good,hand,helping,interview,like,putin,said,television,thank,volodya,,,,,,,,,,,,,,,
agenda,alexey,called,death,letter,navalny,prison,really,scary,second,sent,term,trump,,,,,,,,,,,,
congress,court,imposing,justice,limit,member,phillips,suggested,supreme,term,year,,,,,,,,,,,,,,
ambani,attended,event,flashy,gold,ivanka,sari,trump,wedding,,,,,,,,,,,,,,,,
apatow,casting,director,election,fellow,implored,participate,politics,talked,upcoming,vote,,,,,,,,,,,,,,
attempt,denis,director,dune,iconic,intricacy,novel,penetrate,politics,valiant,villeneuve,,,,,,,,,,,,,,
attempt,denis,director,dune,iconic,intricacy,novel,penetrate,politics,valiant,villeneuve,,,,,,,,,,,,,,
admitted,anti,biden,claim,consultant,create,democratic,election,fake,kramer,magician,paying,people,political,politics,primary,regulate,robocall,ruse,steve,thing,urging,vote,,
bigger,east,election,gaza,indicated,issue,lose,middle,policy,progressive,,,,,,,,,,,,,,,
alexei,death,gessen,masha,navalny,political,putin,reflects,say,scene,staff,strength,vladimir,writer,yorker,,,,,,,,,,
alejandro,biden,collapse,evan,glasser,homeland,house,impeach,investigation,jane,managed,mayer,mayorkas,osnos,podcast,political,president,republican,scene,secretary,security,susan,verge,,
biden,democratic,governor,played,poking,politics,role,,,,,,,,,,,,,,,,,,
ability,clash,donald,dynamic,forward,haley,hinder,moving,navigate,nikki,party,recent,trump,,,,,,,,,,,,
company,decided,feeling,guaranteed,impossible,internet,kind,make,mess,messy,near,political,task,want,,,,,,,,,,,
affecting,american,came,electoral,health,hold,immense,mental,political,politician,potential,started,talk,today,volatile,world,young,,,,,,,,
commented,politics,president,ruling,scrambled,,,,,,,,,,,,,,,,,,,,
court,decision,different,flank,future,ideological,independence,justice,loom,politics,professed,trump,,,,,,,,,,,,,
appeared,company,longer,post,promoting,prompt,readwrite,released,report,social,stop,,,,,,,,,,,,,,
american,arab,area,biden,ceasefire,detroit,lose,message,muslim,november,plan,primary,send,tuesday,uncommitted,vote,voter,want,young,,,,,,
area,aren,autoworkers,black,choice,churchgoer,college,detroit,election,excited,general,likely,spoke,student,unsure,vote,,,,,,,,,
confidence,hoyle,lindsay,motion,signed,stating,thirty,tory,,,,,,,,,,,,,,,,,
anniversary,celebrates,chaotic,closer,creator,describes,election,embark,host,joke,late,look,make,meyers,night,presidential,seth,topic,,,,,,,
aiming,amid,backlash,bytedance,company,compel,continue,divest,divestiture,force,legislation,parent,passed,post,reading,unanimously,user,,,,,,,,
american,column,drudge,feed,grave,link,need,patron,politics,report,shape,story,support,tycoon,,,,,,,,,,,
allen,arabia,competing,inaugural,mark,master,prepares,reservation,riyadh,saudi,say,season,snooker,world,,,,,,,,,,,
association,disassociate,georgia,kind,library,oldest,professional,state,,,,,,,,,,,,,,,,,
attack,defense,encouraging,expert,lining,meet,nato,opening,remark,russia,said,silver,spending,state,target,trump,,,,,,,,,
blame,critic,death,leader,outspoken,president,putin,russian,vladimir,world,,,,,,,,,,,,,,,
announced,chinese,congressman,fifth,gallagher,government,house,mike,pushback,republican,saturday,spearheaded,term,,,,,,,,,,,,
adding,aren,governor,hogan,larry,really,said,senate,thrilled,year,,,,,,,,,,,,,,,
alexey,analyst,dissent,election,killing,kremlin,likely,navalny,ordered,presidential,putin,russia,said,silence,vladimir,,,,,,,,,,
affect,candidate,democratic,inch,lead,polling,predicted,shown,slight,snow,suozzi,tight,turnout,,,,,,,,,,,,
brin,forked,million,nicole,sergey,shanahan,split,time,told,year,york,,,,,,,,,,,,,,
company,content,florida,law,limit,moderate,political,power,texas,,,,,,,,,,,,,,,,
approve,biden,congress,house,press,said,ukraine,white,,,,,,,,,,,,,,,,,
contrast,draw,gain,highlight,mark,opponent,poll,president,speech,state,stewardship,union,used,voter,,,,,,,,,,,
ahead,border,difficult,election,issue,presidential,reflect,response,speech,,,,,,,,,,,,,,,,
blizzard,california,massive,nevada,state,sweep,united,western,,,,,,,,,,,,,,,,,
customer,designated,elon,free,hezbollah,includes,musk,paid,platform,premium,receiving,service,speech,state,united,,,,,,,,,,
according,burger,digital,earnings,experimenting,february,frosties,like,lyft,menu,pricing,restaurant,roll,start,state,surge,test,uber,united,wendy,,,,,
assurance,game,help,largest,organized,publishing,quality,united,video,worker,,,,,,,,,,,,,,,
aim,expert,illegal,movement,said,secession,texas,united,,,,,,,,,,,,,,,,,
abandonment,american,anxiety,japanese,monster,movie,speaks,year,,,,,,,,,,,,,,,,,
alphabet,amazon,chip,come,doing,google,immediately,maker,news,overtaken,parent,past,pushed,report,reuters,state,united,valuable,,,,,,,
america,change,crime,dangerous,decade,different,experienced,gone,looked,state,united,unnoticed,year,,,,,,,,,,,,
alleged,federal,prosecution,reached,state,united,,,,,,,,,,,,,,,,,,,
adversary,american,application,available,bytedance,controlled,force,foreign,group,introduced,lawmaker,order,prohibit,protecting,remain,sell,state,store,tiktok,united,,,,,
according,broadcast,called,coming,deal,development,hollywood,known,latest,pair,partnership,platform,recently,reporte,series,shaking,signed,speed,twitter,weekly,year,,,,
alabama,christian,conservative,favor,map,nationalist,rural,support,survey,virginia,west,,,,,,,,,,,,,,
activision,announced,blizzard,charge,extra,join,land,march,mean,member,million,playable,,,,,,,,,,,,,
alphabet,appeared,claim,company,district,post,readwrite,rule,state,told,united,,,,,,,,,,,,,,
according,appeared,contributes,generated,post,readwrite,revenue,sport,state,total,united,,,,,,,,,,,,,,
ahead,appeared,biden,concern,democratic,election,impact,lead,midjourney,mull,picture,post,process,readwrite,state,trump,united,,,,,,,,
attempt,begun,company,ended,failure,fraught,houston,intuitive,land,lander,machine,mission,need,odysseus,peril,previous,private,right,softly,voyage,,,,,
fallen,fitness,galaxy,good,high,ignored,number,past,sale,samsung,sold,starved,state,united,wearable,year,,,,,,,,,
american,breaking,come,despite,hope,minneapolis,nordic,record,skier,sport,survive,warm,winter,,,,,,,,,,,,
auto,dealer,faced,oems,opposition,plan,united,worker,,,,,,,,,,,,,,,,,
buying,case,computer,having,history,long,overseas,pocket,radio,selling,shack,slapped,state,tandy,thing,united,,,,,,,,,
broadband,cellular,come,dial,dominated,exist,internet,mere,network,persistence,service,state,surprise,united,wireless,,,,,,,,,,
according,available,india,largely,replaced,report,shuts,shutting,singapore,standalone,state,techcrunch,united,user,wallet,,,,,,,,,,
allow,called,company,creativity,creator,encourage,longer,monetization,reward,rolled,rolling,scheme,sell,streamer,tiktok,video,widely,year,,,,,,,
airport,better,certain,challenge,delivery,demand,demonstration,doordash,driver,fair,february,hailing,hold,lyft,measu,planning,ride,rideshare,security,thousand,uber,valentine,year,,
ebike,expensive,light,little,pleasingly,powerful,ride,versatile,,,,,,,,,,,,,,,,,
concacaf,coverage,dominican,espn,game,gold,highlight,including,republic,score,state,stats,united,updated,,,,,,,,,,,
chain,combine,commission,company,compete,country,deal,federal,grocery,largest,merge,state,stop,store,trade,walmart,want,,,,,,,,
clear,iphone,just,meter,signal,swathe,symptom,vary,wide,,,,,,,,,,,,,,,,
according,burger,digital,earnings,experimenting,february,frosties,like,lyft,menu,pricing,restaurant,roll,start,state,surge,test,uber,united,wendy,,,,,
american,desensitized,error,feature,forgotten,know,nearly,state,thousand,time,united,,,,,,,,,,,,,,
betting,chief,city,dozen,francisco,home,kansa,legalized,lifted,national,sport,,,,,,,,,,,,,,
ambassador,candidate,carolina,challenge,donald,governor,major,nation,nomination,president,south,trump,united,,,,,,,,,,,,
approve,commission,continue,delayed,etf,exchange,post,reading,security,state,united,,,,,,,,,,,,,,
action,fulham,league,live,manchester,match,premier,state,stream,today,watch,,,,,,,,,,,,,,
city,derby,live,match,meet,state,stream,today,watch,,,,,,,,,,,,,,,,
billion,foreign,house,israel,passed,representative,senate,setting,showdown,state,taiwan,ukraine,united,,,,,,,,,,,,
bring,forecast,midwest,northeast,reaching,severe,state,storm,sweeping,tuesday,united,weather,wednesday,,,,,,,,,,,,
attack,child,crippling,cybersecurity,expert,midwestern,operation,premier,risk,state,united,warning,,,,,,,,,,,,,
arrested,attempting,citizen,crossing,howler,live,mexican,monkey,smuggle,state,united,vehicle,,,,,,,,,,,,,
aren,artificial,beijing,breakthrough,caught,chatgpt,china,chinese,economy,firm,generative,guard,helping,intelligence,leap,november,regulation,relatively,release,report,sagging,start,tech,unknown,year
ahead,announced,company,doom,errant,game,hellspawn,husqvarna,landscaping,lawn,mower,mowing,random,robot,running,seen,stuff,technology,,,,,,,
email,enjoying,experience,faced,geforce,march,minute,nvidia,play,sent,service,starting,telling,turn,video,waiting,,,,,,,,,
arrested,artificial,benefit,california,china,containing,engineer,file,google,indictment,information,intelligence,rival,secret,stealing,tech,trade,using,wednesday,,,,,,
coventry,fifth,know,live,maidstone,meet,need,round,state,stream,today,watch,,,,,,,,,,,,,
amid,attack,backed,botnet,generative,hacker,hospital,military,offline,plus,ransomware,romania,russian,state,test,,,,,,,,,,
appreciating,cheese,common,dubai,elevating,goal,institution,madrid,paris,united,,,,,,,,,,,,,,,
different,free,host,inter,leader,lecce,live,match,serie,state,stream,today,united,watch,way,,,,,,,,,,
action,arsenal,clash,different,free,league,live,premier,state,stream,sunday,united,watch,way,west,,,,,,,,,,
action,different,free,liga,live,madrid,rayo,real,state,stream,today,united,vallecano,watch,way,,,,,,,,,,
arsenal,battle,compelling,league,live,match,matchup,newcastle,premier,state,stream,today,united,watch,,,,,,,,,,,
different,free,handful,host,liga,live,madrid,play,real,sevilla,state,stream,today,united,watch,way,,,,,,,,,
baltic,effective,help,invade,invading,keeping,nato,naval,power,russia,russian,state,tank,,,,,,,,,,,,
actual,badwater,basin,driest,folk,giving,kayaking,lake,opportunity,place,rare,state,temporary,united,,,,,,,,,,,
banned,biden,friday,house,lead,pas,president,press,representative,sign,speaking,support,tiktok,ultimately,voiced,vote,week,,,,,,,,
account,action,assist,attorney,coalition,company,facebook,failing,general,hacked,immediate,instagram,meta,say,state,user,want,,,,,,,,
court,hearing,highest,historic,israel,land,legality,monday,nation,occupation,open,palestinian,sought,state,united,year,,,,,,,,,
battle,case,cnbc,hear,legal,long,marc,million,noted,patent,putting,said,saving,state,today,ultimately,united,virnetx,weighing,year,,,,,
attack,defense,encouraging,expert,lining,meet,nato,opening,remark,russia,said,silver,spending,state,target,trump,,,,,,,,,
chatbot,cheapest,check,double,feature,flight,kayak,option,planning,question,travel,traveler,,,,,,,,,,,,,
ally,david,foreign,international,lammy,language,mirror,party,say,secretary,shadow,,,,,,,,,,,,,,
banda,barbra,expensive,forward,history,join,orlando,pride,second,transfer,woman,zambia,,,,,,,,,,,,,
billion,claim,doe,file,lost,misplace,postal,safely,service,state,thing,united,year,,,,,,,,,,,,
congress,considered,daylight,effect,including,law,legal,legislation,make,making,permanent,related,round,saving,state,time,year,,,,,,,,
advancement,advent,anonymous,appears,crippling,frie,given,horizon,magazine,power,problem,quote,reader,report,rise,shortage,state,united,week,,,,,,
action,blackburn,live,match,newcastle,rover,rundown,state,stream,today,united,watch,,,,,,,,,,,,,
city,fifth,luton,manchester,match,round,state,stream,today,town,united,watch,,,,,,,,,,,,,
brought,case,clinic,couple,embryo,fertility,lawsuit,lost,stem,,,,,,,,,,,,,,,,
action,bevy,different,free,live,match,rom,serie,state,stream,today,torino,united,watch,way,,,,,,,,,,
bournemouth,city,clash,guide,leicester,live,match,state,stream,today,united,watch,,,,,,,,,,,,,
basic,command,course,graduate,instructor,relearn,train,training,voice,week,,,,,,,,,,,,,,,
action,barcelona,different,free,liga,live,mallorca,match,state,stream,today,united,watch,way,,,,,,,,,,,
caribbean,cellular,experiencing,internet,mobile,outage,provider,royal,service,state,tmus,united,verizon,,,,,,,,,,,,
announced,easy,experience,favorite,feature,free,league,navig,personalized,provides,read,real,score,scoreboard,shown,statistic,team,time,today,tournament,,,,,
betting,brand,dedicated,designed,fan,lineup,live,odds,real,released,score,statistic,thought,today,,,,,,,,,,,
aim,american,biden,biometric,bulk,china,concern,country,data,executive,financial,genomic,geolocation,including,limit,mass,personal,president,russia,signed,specifically,target,,,
continue,court,extraditing,favor,founder,local,medium,montenegro,post,reading,ruled,,,,,,,,,,,,,,
accessible,asia,europe,gemini,stateside,stuck,,,,,,,,,,,,,,,,,,,
access,android,favorite,home,lane,quicker,screen,shortcut,,,,,,,,,,,,,,,,,
just,latest,phone,running,secure,smoothly,stability,,,,,,,,,,,,,,,,,,
capture,earth,galaxy,phone,photo,samsung,sent,space,,,,,,,,,,,,,,,,,
ally,defence,failing,hopeful,meet,presidential,protect,spending,suggests,target,,,,,,,,,,,,,,,
booster,close,failed,landed,launch,missile,reportedly,rocket,site,,,,,,,,,,,,,,,,
announced,shut,urge,user,utilize,wallet,,,,,,,,,,,,,,,,,,,
arab,broad,cease,council,demanding,ending,gaza,hamas,hoped,israel,marked,nation,plan,resolution,security,support,tuesday,veto,vote,,,,,,
action,civil,collective,global,government,group,monday,nairobi,plan,policy,private,scientist,sector,shape,society,started,talk,,,,,,,,
addition,company,google,graveyard,july,latest,migrate,music,podcasts,replace,software,user,youtube,,,,,,,,,,,,
ahead,allegedly,amazon,copyright,remake,rush,studio,termination,used,,,,,,,,,,,,,,,,
announce,appearance,branded,close,donald,effort,fine,look,philadelphia,president,print,saturday,sell,website,,,,,,,,,,,
american,appeared,claimed,controlled,department,home,infiltrating,intelligence,international,justice,major,partner,post,readwrite,stopped,thwart,worked,,,,,,,,
assassination,case,department,foiled,justice,like,movie,plot,say,soil,sound,sponsored,state,stuff,,,,,,,,,,,
heading,leeds,outfit,rock,state,united,utopia,,,,,,,,,,,,,,,,,,
analyst,continues,escalate,forced,iran,said,situation,troop,trying,,,,,,,,,,,,,,,,
annual,contemporary,customer,failing,felt,game,gaming,glaad,industry,prove,report,representation,sentiment,statistic,step,term,true,watchd,year,,,,,,
action,continue,cross,divest,force,group,introduce,legislation,party,post,reading,taken,tiktok,,,,,,,,,,,,
added,capacity,energy,grid,half,incentive,inflation,large,reduction,solar,thanks,,,,,,,,,,,,,,
announced,donald,migrant,night,people,president,remark,said,trump,tuesday,unknown,,,,,,,,,,,,,,
clear,course,location,make,map,state,surprising,tag,thousand,united,,,,,,,,,,,,,,,
america,backed,baghdad,commander,expel,government,iran,iraq,killed,military,militia,mounting,personnel,pressure,,,,,,,,,,,
